{
  "6191863486": {
    "timer": "2047-09-13 17:08",
    "plan": "VIP Subscribed"
  },
  "-1001984110076": {
    "plan": "Free - Not Subscribed",
    "paln": "𝗙𝗥𝗘𝗘"
  },
  "1490490774": {
    "plan": "𝗙𝗥𝗘𝗘",
    "timer": "none"
  },
  "1119540904": {
    "plan": "𝗙𝗥𝗘𝗘",
    "timer": "none"
  },
  "5190472219": {
    "plan": "𝗙𝗥𝗘𝗘",
    "timer": "none"
  },
  "1742931040": {
    "plan": "𝗙𝗥𝗘𝗘",
    "timer": "none"
  },
  "7179224176": {
    "plan": "𝗙𝗥𝗘𝗘",
    "timer": "none"
  },
  "5267630441": {
    "plan": "Free - Not Subscribed"
  },
  "6078305836": {
    "plan": "Free - Not Subscribed"
  },
  "1932257898": {
    "plan": "𝗙𝗥𝗘𝗘",
    "timer": "none"
  },
  "6644572226": {
    "plan": "𝗙𝗥𝗘𝗘",
    "timer": "none"
  },
  "7030455818": {
    "plan": "𝗙𝗥𝗘𝗘",
    "timer": "none"
  },
  "6644319097": {
    "plan": "𝗙𝗥𝗘𝗘",
    "timer": "none"
  },
  "TOME-ZVKO-ADF5-6JK6": {
    "plan": "𝗩𝗜𝗣",
    "time": "2024-10-04 17:32"
  },
  "TOME-YZQ5-UGZ0-QC0E": {
    "plan": "𝗩𝗜𝗣",
    "time": "2024-10-04 18:32"
  },
  "TOME-ISXP-F9MG-V321": {
    "plan": "𝗩𝗜𝗣",
    "time": "2024-10-04 19:32"
  },
  "TOME-4TZ4-8Z9L-6KW9": {
    "plan": "𝗩𝗜𝗣",
    "time": "2024-10-04 21:32"
  },
  "1492054460": {
    "plan": "𝗙𝗥𝗘𝗘",
    "timer": "none"
  },
  "6471069651": {
    "plan": "𝗙𝗥𝗘𝗘",
    "timer": "none"
  },
  "6540364320": {
    "plan": "𝗙𝗥𝗘𝗘",
    "timer": "none"
  },
  "6226657817": {
    "plan": "𝗙𝗥𝗘𝗘",
    "timer": "none"
  },
  "1146809777": {
    "plan": "𝗙𝗥𝗘𝗘",
    "timer": "none"
  },
  "5742518938": {
    "plan": "𝗙𝗥𝗘𝗘",
    "timer": "none"
  },
  "5682894414": {
    "plan": "𝗩𝗜𝗣",
    "timer": "none",
    "paln": "𝗙𝗥𝗘𝗘"
  },
  "5045746335": {
    "plan": "𝗙𝗥𝗘𝗘",
    "timer": "none"
  },
  "5973275286": {
    "plan": "𝗙𝗥𝗘𝗘",
    "timer": "none"
  },
  "1456665939": {
    "plan": "𝗙𝗥𝗘𝗘",
    "timer": "none"
  },
  "6453510651": {
    "plan": "𝗙𝗥𝗘𝗘",
    "timer": "none"
  },
  "6157112088": {
    "plan": "𝗙𝗥𝗘𝗘",
    "timer": "none"
  },
  "1551247459": {
    "plan": "𝗙𝗥𝗘𝗘",
    "timer": "none"
  },
  "5309088318": {
    "plan": "𝗙𝗥𝗘𝗘",
    "timer": "none"
  },
  "700440300": {
    "plan": "𝗙𝗥𝗘𝗘",
    "timer": "none"
  },
  "5481806173": {
    "plan": "𝗙𝗥𝗘𝗘",
    "timer": "none"
  },
  "5591642816": {
    "plan": "𝗙𝗥𝗘𝗘",
    "timer": "none"
  },
  "6848707434": {
    "plan": "𝗙𝗥𝗘𝗘",
    "timer": "none"
  },
  "1270979556": {
    "plan": "𝗙𝗥𝗘𝗘",
    "timer": "none"
  },
  "6060534504": {
    "plan": "Free - Not Subscribed"
  },
  "6195761532": {
    "plan": "𝗙𝗥𝗘𝗘",
    "timer": "none"
  },
  "1423068104": {
    "plan": "𝗙𝗥𝗘𝗘",
    "timer": "none"
  },
  "6126949876": {
    "plan": "𝗙𝗥𝗘𝗘",
    "timer": "none"
  },
  "6953747634": {
    "plan": "𝗙𝗥𝗘𝗘",
    "timer": "none"
  },
  "6274180736": {
    "plan": "𝗙𝗥𝗘𝗘",
    "timer": "none"
  },
  "1501191994": {
    "plan": "𝗙𝗥𝗘𝗘",
    "timer": "none"
  },
  "1912996326": {
    "plan": "𝗙𝗥𝗘𝗘",
    "timer": "none"
  },
  "6710171483": {
    "plan": "𝗙𝗥𝗘𝗘",
    "timer": "none"
  },
  "6452129071": {
    "plan": "𝗙𝗥𝗘𝗘",
    "timer": "none"
  },
  "6690966422": {
    "plan": "𝗙𝗥𝗘𝗘",
    "timer": "none"
  },
  "224591246": {
    "plan": "Free - Not Subscribed",
    "timer": "none"
  },
  "TOME-QUH1-5IRX-Q6PH": {
    "plan": "𝗩𝗜𝗣",
    "time": "2024-10-06 22:44"
  },
  "5074612804": {
    "plan": "𝗙𝗥𝗘𝗘",
    "timer": "none"
  },
  "7372198851": {
    "plan": "Free - Not Subscribed",
    "timer": "none"
  },
  "6473717870": {
    "plan": "𝗙𝗥𝗘𝗘",
    "timer": "none"
  },
  "1466491364": {
    "plan": "𝗙𝗥𝗘𝗘",
    "timer": "none"
  },
  "5716397132": {
    "plan": "𝗙𝗥𝗘𝗘",
    "timer": "none"
  },
  "6174360689": {
    "plan": "𝗙𝗥𝗘𝗘",
    "timer": "none"
  },
  "1872046066": {
    "plan": "𝗙𝗥𝗘𝗘",
    "timer": "none"
  },
  "7090829843": {
    "plan": "Free - Not Subscribed"
  },
  "1214262520": {
    "plan": "𝗙𝗥𝗘𝗘",
    "timer": "none"
  },
  "6667773869": {
    "plan": "𝗙𝗥𝗘𝗘",
    "timer": "none"
  },
  "7100850131": {
    "plan": "𝗙𝗥𝗘𝗘",
    "timer": "none"
  },
  "7052382563": {
    "plan": "𝗙𝗥𝗘𝗘",
    "timer": "none"
  },
  "5220008164": {
    "plan": "𝗙𝗥𝗘𝗘",
    "timer": "none"
  },
  "6582124938": {
    "plan": "𝗙𝗥𝗘𝗘",
    "timer": "none"
  },
  "6010304291": {
    "plan": "𝗙𝗥𝗘𝗘",
    "timer": "none"
  },
  "6491628124": {
    "plan": "𝗙𝗥𝗘𝗘",
    "timer": "none"
  },
  "6768476016": {
    "plan": "𝗙𝗥𝗘𝗘",
    "timer": "none"
  },
  "1296332278": {
    "plan": "𝗙𝗥𝗘𝗘",
    "timer": "none"
  },
  "5754807486": {
    "plan": "𝗙𝗥𝗘𝗘",
    "timer": "none"
  },
  "5638965106": {
    "plan": "𝗙𝗥𝗘𝗘",
    "timer": "none"
  },
  "6498514004": {
    "plan": "𝗙𝗥𝗘𝗘",
    "timer": "none"
  },
  "6096426598": {
    "plan": "𝗙𝗥𝗘𝗘",
    "timer": "none"
  },
  "1162054857": {
    "plan": "𝗙𝗥𝗘𝗘",
    "timer": "none"
  },
  "6403452795": {
    "plan": "𝗙𝗥𝗘𝗘",
    "timer": "none"
  },
  "7242786847": {
    "plan": "𝗙𝗥𝗘𝗘",
    "timer": "none"
  },
  "7519839885": {
    "plan": "𝗙𝗥𝗘𝗘",
    "timer": "none"
  },
  "6849519197": {
    "plan": "𝗙𝗥𝗘𝗘",
    "timer": "none"
  },
  "6947078749": {
    "plan": "Free - Not Subscribed",
    "timer": "none"
  },
  "516048203": {
    "plan": "𝗙𝗥𝗘𝗘",
    "timer": "none"
  },
  "5674652074": {
    "plan": "𝗙𝗥𝗘𝗘",
    "timer": "none"
  },
  "5624964133": {
    "plan": "𝗙𝗥𝗘𝗘",
    "timer": "none"
  },
  "5326739465": {
    "plan": "𝗙𝗥𝗘𝗘",
    "timer": "none"
  },
  "5173016128": {
    "plan": "𝗙𝗥𝗘𝗘",
    "timer": "none"
  },
  "5009837967": {
    "plan": "𝗙𝗥𝗘𝗘",
    "timer": "none"
  },
  "1592058051": {
    "plan": "𝗙𝗥𝗘𝗘",
    "timer": "none"
  },
  "1134981188": {
    "plan": "𝗙𝗥𝗘𝗘",
    "timer": "none"
  },
  "1105117345": {
    "plan": "𝗙𝗥𝗘𝗘",
    "timer": "none"
  },
  "-1002435516509": {
    "plan": "𝗙𝗥𝗘𝗘",
    "timer": "none"
  },
  "7210329480": {
    "plan": "𝗙𝗥𝗘𝗘",
    "timer": "none"
  },
  "7478752901": {
    "plan": "𝗙𝗥𝗘𝗘",
    "timer": "none"
  },
  "5754283711": {
    "plan": "𝗙𝗥𝗘𝗘",
    "timer": "none"
  },
  "5933088238": {
    "plan": "𝗙𝗥𝗘𝗘",
    "timer": "none"
  },
  "7882708278": {
    "plan": "𝗙𝗥𝗘𝗘",
    "timer": "none"
  },
  "6921821848": {
    "plan": "𝗙𝗥𝗘𝗘",
    "timer": "none"
  },
  "1906964069": {
    "plan": "𝗙𝗥𝗘𝗘",
    "timer": "none"
  },
  "5944095513": {
    "plan": "𝗙𝗥𝗘𝗘",
    "timer": "none"
  },
  "6076792466": {
    "plan": "𝗙𝗥𝗘𝗘",
    "timer": "none"
  },
  "6698788675": {
    "plan": "𝗙𝗥𝗘𝗘",
    "timer": "none"
  },
  "7365460462": {
    "plan": "𝗙𝗥𝗘𝗘",
    "timer": "none"
  },
  "1593170767": {
    "plan": "𝗙𝗥𝗘𝗘",
    "timer": "none"
  },
  "1311540575": {
    "plan": "𝗙𝗥𝗘𝗘",
    "timer": "none"
  },
  "1667886379": {
    "timer": "2024-12-27 11:13",
    "plan": "VIP Subscribed"
  },
  "5502035387": {
    "plan": "𝗙𝗥𝗘𝗘",
    "timer": "none"
  },
  "6876373478": {
    "plan": "𝗙𝗥𝗘𝗘",
    "timer": "none"
  },
  "2025816476": {
    "plan": "𝗙𝗥𝗘𝗘",
    "timer": "none"
  },
  "5583216619": {
    "plan": "𝗙𝗥𝗘𝗘",
    "timer": "none"
  },
  "5880960339": {
    "plan": "𝗙𝗥𝗘𝗘",
    "timer": "none"
  },
  "5688879944": {
    "plan": "𝗙𝗥𝗘𝗘",
    "timer": "none"
  },
  "1843312482": {
    "plan": "𝗙𝗥𝗘𝗘",
    "timer": "none"
  },
  "7132261446": {
    "plan": "𝗙𝗥𝗘𝗘",
    "timer": "none"
  },
  "6100713629": {
    "plan": "𝗙𝗥𝗘𝗘",
    "timer": "none"
  },
  "5343468355": {
    "plan": "𝗙𝗥𝗘𝗘",
    "timer": "none"
  },
  "6648186021": {
    "plan": "𝗙𝗥𝗘𝗘",
    "timer": "none"
  },
  "5193644802": {
    "plan": "𝗙𝗥𝗘𝗘",
    "timer": "none"
  },
  "1790665950": {
    "plan": "Free - Not Subscribed",
    "timer": "none"
  },
  "7053679673": {
    "plan": "𝗙𝗥𝗘𝗘",
    "timer": "none"
  },
  "7615466914": {
    "plan": "𝗙𝗥𝗘𝗘",
    "timer": "none"
  },
  "6412994275": {
    "plan": "𝗙𝗥𝗘𝗘",
    "timer": "none"
  },
  "7383119791": {
    "plan": "𝗙𝗥𝗘𝗘",
    "timer": "none"
  },
  "6444435371": {
    "plan": "Free - Not Subscribed"
  },
  "5804333757": {
    "plan": "𝗙𝗥𝗘𝗘",
    "timer": "none"
  },
  "5806908607": {
    "plan": "Free - Not Subscribed"
  },
  "5038493515": {
    "plan": "𝗙𝗥𝗘𝗘",
    "timer": "none"
  },
  "1083673684": {
    "plan": "Free - Not Subscribed",
    "timer": "none"
  },
  "GSIX-980R-L6WR-HGKJ": {
    "plan": "𝗩𝗜𝗣",
    "time": "2024-10-29 07:20"
  },
  "6415812580": {
    "plan": "𝗩𝗜𝗣",
    "timer": "none",
    "paln": "𝗙𝗥𝗘𝗘"
  },
  "794487664": {
    "plan": "Free - Not Subscribed"
  },
  "1082315227": {
    "plan": "𝗙𝗥𝗘𝗘",
    "timer": "none"
  },
  "6275429327": {
    "plan": "Free - Not Subscribed"
  },
  "6899244704": {
    "plan": "𝗙𝗥𝗘𝗘",
    "timer": "none"
  },
  "6034266400": {
    "plan": "𝗙𝗥𝗘𝗘",
    "timer": "none"
  },
  "5315426888": {
    "plan": "𝗙𝗥𝗘𝗘",
    "timer": "none"
  },
  "339525054": {
    "plan": "𝗙𝗥𝗘𝗘",
    "timer": "none"
  },
  "5036379234": {
    "plan": "𝗙𝗥𝗘𝗘",
    "timer": "none"
  },
  "858835297": {
    "plan": "𝗙𝗥𝗘𝗘",
    "timer": "none"
  },
  "7338809501": {
    "plan": "𝗙𝗥𝗘𝗘",
    "timer": "none"
  },
  "934674493": {
    "plan": "𝗙𝗥𝗘𝗘",
    "timer": "none"
  },
  "7372592479": {
    "plan": "𝗙𝗥𝗘𝗘",
    "timer": "none"
  },
  "6147911538": {
    "plan": "𝗙𝗥𝗘𝗘",
    "timer": "none"
  },
  "6864238362": {
    "plan": "𝗙𝗥𝗘𝗘",
    "timer": "none"
  },
  "1718615866": {
    "plan": "Free - Not Subscribed"
  },
  "6025277994": {
    "plan": "𝗙𝗥𝗘𝗘",
    "timer": "none"
  },
  "6201030261": {
    "plan": "Free - Not Subscribed"
  },
  "5158338380": {
    "plan": "𝗙𝗥𝗘𝗘",
    "timer": "none"
  },
  "6983498097": {
    "plan": "𝗙𝗥𝗘𝗘",
    "timer": "none"
  },
  "6114751938": {
    "plan": "𝗙𝗥𝗘𝗘",
    "timer": "none"
  },
  "7144224221": {
    "plan": "𝗙𝗥𝗘𝗘",
    "timer": "none"
  },
  "6150079379": {
    "plan": "𝗙𝗥𝗘𝗘",
    "timer": "none"
  },
  "5803180946": {
    "plan": "𝗙𝗥𝗘𝗘",
    "timer": "none"
  },
  "5769356999": {
    "plan": "𝗙𝗥𝗘𝗘",
    "timer": "none"
  },
  "1331014841": {
    "plan": "𝗙𝗥𝗘𝗘",
    "timer": "none"
  },
  "5838445971": {
    "plan": "𝗙𝗥𝗘𝗘",
    "timer": "none"
  },
  "942786067": {
    "plan": "𝗙𝗥𝗘𝗘",
    "timer": "none"
  },
  "7190939599": {
    "plan": "Free - Not Subscribed",
    "timer": "none"
  },
  "7234013110": {
    "plan": "𝗙𝗥𝗘𝗘",
    "timer": "none"
  },
  "1256497553": {
    "plan": "𝗙𝗥𝗘𝗘",
    "timer": "none"
  },
  "1428748927": {
    "plan": "𝗙𝗥𝗘𝗘",
    "timer": "none"
  },
  "1219918035": {
    "plan": "𝗙𝗥𝗘𝗘",
    "timer": "none"
  },
  "7579134558": {
    "plan": "𝗙𝗥𝗘𝗘",
    "timer": "none"
  },
  "1046248188": {
    "plan": "𝗙𝗥𝗘𝗘",
    "timer": "none"
  },
  "6652287427": {
    "plan": "𝗙𝗥𝗘𝗘",
    "timer": "none"
  },
  "7177567561": {
    "plan": "𝗙𝗥𝗘𝗘",
    "timer": "none"
  },
  "6038629645": {
    "plan": "Free - Not Subscribed",
    "timer": "none"
  },
  "6577562320": {
    "plan": "𝗙𝗥𝗘𝗘",
    "timer": "none"
  },
  "5895323782": {
    "plan": "𝗙𝗥𝗘𝗘",
    "timer": "none"
  },
  "7845589332": {
    "plan": "𝗙𝗥𝗘𝗘",
    "timer": "none"
  },
  "1219589855": {
    "plan": "𝗙𝗥𝗘𝗘",
    "timer": "none"
  },
  "1925837658": {
    "plan": "𝗙𝗥𝗘𝗘",
    "timer": "none"
  },
  "6839482205": {
    "plan": "𝗙𝗥𝗘𝗘",
    "timer": "none"
  },
  "6024745942": {
    "plan": "𝗙𝗥𝗘𝗘",
    "timer": "none"
  },
  "6402046707": {
    "plan": "𝗙𝗥𝗘𝗘",
    "timer": "none"
  },
  "5757311402": {
    "plan": "𝗙𝗥𝗘𝗘",
    "timer": "none"
  },
  "5832416620": {
    "plan": "𝗙𝗥𝗘𝗘",
    "timer": "none"
  },
  "6009142515": {
    "plan": "𝗙𝗥𝗘𝗘",
    "timer": "none"
  },
  "7883490317": {
    "plan": "𝗙𝗥𝗘𝗘",
    "timer": "none"
  },
  "7305410622": {
    "plan": "𝗙𝗥𝗘𝗘",
    "timer": "none"
  },
  "6383995217": {
    "plan": "𝗙𝗥𝗘𝗘",
    "timer": "none"
  },
  "5715660955": {
    "plan": "𝗙𝗥𝗘𝗘",
    "timer": "none"
  },
  "5532730530": {
    "plan": "𝗙𝗥𝗘𝗘",
    "timer": "none"
  },
  "5702071408": {
    "plan": "𝗙𝗥𝗘𝗘",
    "timer": "none"
  },
  "6777228254": {
    "plan": "𝗙𝗥𝗘𝗘",
    "timer": "none"
  },
  "804171264": {
    "plan": "𝗙𝗥𝗘𝗘",
    "timer": "none"
  },
  "7316172279": {
    "plan": "𝗙𝗥𝗘𝗘",
    "timer": "none"
  },
  "6318311409": {
    "plan": "𝗙𝗥𝗘𝗘",
    "timer": "none"
  },
  "6590159614": {
    "plan": "𝗙𝗥𝗘𝗘",
    "timer": "none"
  },
  "8163144370": {
    "plan": "𝗙𝗥𝗘𝗘",
    "timer": "none"
  },
  "93148202": {
    "plan": "𝗙𝗥𝗘𝗘",
    "timer": "none"
  },
  "5056427497": {
    "plan": "𝗙𝗥𝗘𝗘",
    "timer": "none"
  },
  "5405426113": {
    "plan": "𝗙𝗥𝗘𝗘",
    "timer": "none"
  },
  "7447383445": {
    "plan": "𝗙𝗥𝗘𝗘",
    "timer": "none"
  },
  "1864359203": {
    "plan": "𝗙𝗥𝗘𝗘",
    "timer": "none"
  },
  "5319189482": {
    "plan": "𝗙𝗥𝗘𝗘",
    "timer": "none"
  },
  "5292449279": {
    "plan": "𝗙𝗥𝗘𝗘",
    "timer": "none"
  },
  "6389846489": {
    "plan": "𝗙𝗥𝗘𝗘",
    "timer": "none"
  },
  "5542030968": {
    "plan": "𝗙𝗥𝗘𝗘",
    "timer": "none"
  },
  "5276368808": {
    "plan": "𝗙𝗥𝗘𝗘",
    "timer": "none"
  },
  "7112608266": {
    "plan": "𝗙𝗥𝗘𝗘",
    "timer": "none"
  },
  "5295792382": {
    "plan": "𝗙𝗥𝗘𝗘",
    "timer": "none"
  },
  "5675045539": {
    "plan": "𝗙𝗥𝗘𝗘",
    "timer": "none"
  },
  "6691053146": {
    "plan": "𝗙𝗥𝗘𝗘",
    "timer": "none"
  },
  "5516484833": {
    "plan": "𝗙𝗥𝗘𝗘",
    "timer": "none"
  },
  "7330235439": {
    "plan": "Free - Not Subscribed"
  },
  "6778012351": {
    "plan": "𝗙𝗥𝗘𝗘",
    "timer": "none"
  },
  "5807264677": {
    "plan": "𝗙𝗥𝗘𝗘",
    "timer": "none"
  },
  "6746142744": {
    "plan": "𝗙𝗥𝗘𝗘",
    "timer": "none"
  },
  "428052150": {
    "plan": "𝗙𝗥𝗘𝗘",
    "timer": "none"
  },
  "1879492546": {
    "plan": "𝗙𝗥𝗘𝗘",
    "timer": "none"
  },
  "627888274": {
    "plan": "𝗙𝗥𝗘𝗘",
    "timer": "none"
  },
  "7164086845": {
    "plan": "𝗙𝗥𝗘𝗘",
    "timer": "none"
  },
  "1971316297": {
    "plan": "𝗙𝗥𝗘𝗘",
    "timer": "none"
  },
  "6808077277": {
    "plan": "𝗙𝗥𝗘𝗘",
    "timer": "none"
  },
  "5306541945": {
    "plan": "𝗙𝗥𝗘𝗘",
    "timer": "none"
  },
  "6096644272": {
    "plan": "𝗙𝗥𝗘𝗘",
    "timer": "none"
  },
  "6051734474": {
    "plan": "𝗙𝗥𝗘𝗘",
    "timer": "none"
  },
  "7084032280": {
    "plan": "𝗙𝗥𝗘𝗘",
    "timer": "none"
  },
  "7509053591": {
    "plan": "𝗙𝗥𝗘𝗘",
    "timer": "none"
  },
  "6850520435": {
    "plan": "𝗙𝗥𝗘𝗘",
    "timer": "none"
  },
  "6423950678": {
    "plan": "𝗙𝗥𝗘𝗘",
    "timer": "none"
  },
  "8143679178": {
    "plan": "𝗙𝗥𝗘𝗘",
    "timer": "none"
  },
  "6579936387": {
    "plan": "𝗙𝗥𝗘𝗘",
    "timer": "none"
  },
  "5403148124": {
    "plan": "𝗙𝗥𝗘𝗘",
    "timer": "none"
  },
  "1318315451": {
    "plan": "𝗙𝗥𝗘𝗘",
    "timer": "none"
  },
  "580508901": {
    "plan": "𝗙𝗥𝗘𝗘",
    "timer": "none"
  },
  "5487803808": {
    "plan": "𝗙𝗥𝗘𝗘",
    "timer": "none"
  },
  "5819637797": {
    "plan": "Free - Not Subscribed"
  },
  "5608481964": {
    "plan": "𝗙𝗥𝗘𝗘",
    "timer": "none"
  },
  "5687016344": {
    "plan": "𝗙𝗥𝗘𝗘",
    "timer": "none"
  },
  "6955701850": {
    "plan": "Free - Not Subscribed"
  },
  "6875565014": {
    "plan": "Free - Not Subscribed"
  },
  "7673996454": {
    "plan": "𝗙𝗥𝗘𝗘",
    "timer": "none"
  },
  "1710051635": {
    "plan": "𝗙𝗥𝗘𝗘",
    "timer": "none"
  },
  "1959423222": {
    "plan": "𝗙𝗥𝗘𝗘",
    "timer": "none"
  },
  "722839410": {
    "plan": "𝗙𝗥𝗘𝗘",
    "timer": "none"
  },
  "883287003": {
    "plan": "𝗙𝗥𝗘𝗘",
    "timer": "none"
  },
  "6179316454": {
    "plan": "𝗙𝗥𝗘𝗘",
    "timer": "none"
  },
  "1024721552": {
    "plan": "𝗙𝗥𝗘𝗘",
    "timer": "none"
  },
  "6385941194": {
    "plan": "𝗙𝗥𝗘𝗘",
    "timer": "none"
  },
  "5255486447": {
    "plan": "𝗙𝗥𝗘𝗘",
    "timer": "none"
  },
  "2077207017": {
    "plan": "𝗙𝗥𝗘𝗘",
    "timer": "none"
  },
  "5868021159": {
    "plan": "𝗙𝗥𝗘𝗘",
    "timer": "none"
  },
  "1047533964": {
    "plan": "𝗙𝗥𝗘𝗘",
    "timer": "none"
  },
  "7315097662": {
    "plan": "𝗙𝗥𝗘𝗘",
    "timer": "none"
  },
  "6815483754": {
    "plan": "𝗙𝗥𝗘𝗘",
    "timer": "none"
  },
  "7290384332": {
    "plan": "𝗙𝗥𝗘𝗘",
    "timer": "none"
  },
  "6730921093": {
    "plan": "𝗙𝗥𝗘𝗘",
    "timer": "none"
  },
  "6729709305": {
    "plan": "𝗙𝗥𝗘𝗘",
    "timer": "none"
  },
  "7896289438": {
    "plan": "𝗙𝗥𝗘𝗘",
    "timer": "none"
  },
  "7154197160": {
    "plan": "𝗙𝗥𝗘𝗘",
    "timer": "none"
  },
  "1977520482": {
    "plan": "𝗙𝗥𝗘𝗘",
    "timer": "none"
  },
  "777000": {
    "plan": "𝗙𝗥𝗘𝗘",
    "timer": "none"
  },
  "1049154495": {
    "plan": "𝗙𝗥𝗘𝗘",
    "timer": "none"
  },
  "1896954867": {
    "plan": "𝗙𝗥𝗘𝗘",
    "timer": "none"
  },
  "1989484943": {
    "plan": "𝗙𝗥𝗘𝗘",
    "timer": "none"
  },
  "7128624946": {
    "plan": "𝗙𝗥𝗘𝗘",
    "timer": "none"
  },
  "6808199543": {
    "plan": "𝗙𝗥𝗘𝗘",
    "timer": "none"
  },
  "6952143259": {
    "plan": "𝗙𝗥𝗘𝗘",
    "timer": "none"
  },
  "5217430925": {
    "plan": "𝗙𝗥𝗘𝗘",
    "timer": "none"
  },
  "6629932148": {
    "plan": "𝗙𝗥𝗘𝗘",
    "timer": "none"
  },
  "7768624625": {
    "plan": "𝗙𝗥𝗘𝗘",
    "timer": "none"
  },
  "6449155243": {
    "plan": "𝗙𝗥𝗘𝗘",
    "timer": "none"
  },
  "1850598455": {
    "plan": "𝗙𝗥𝗘𝗘",
    "timer": "none"
  },
  "1941775728": {
    "plan": "𝗙𝗥𝗘𝗘",
    "timer": "none"
  },
  "5509561567": {
    "plan": "𝗙𝗥𝗘𝗘",
    "timer": "none"
  },
  "7511819615": {
    "plan": "𝗙𝗥𝗘𝗘",
    "timer": "none"
  },
  "5425112591": {
    "plan": "𝗙𝗥𝗘𝗘",
    "timer": "none"
  },
  "1884264142": {
    "plan": "𝗙𝗥𝗘𝗘",
    "timer": "none"
  },
  "5457884198": {
    "plan": "𝗙𝗥𝗘𝗘",
    "timer": "none"
  },
  "6593673930": {
    "plan": "𝗙𝗥𝗘𝗘",
    "timer": "none"
  },
  "1887895719": {
    "plan": "𝗙𝗥𝗘𝗘",
    "timer": "none"
  },
  "7412282973": {
    "plan": "𝗙𝗥𝗘𝗘",
    "timer": "none"
  },
  "7035072369": {
    "plan": "𝗙𝗥𝗘𝗘",
    "timer": "none"
  },
  "5721770502": {
    "plan": "𝗙𝗥𝗘𝗘",
    "timer": "none"
  },
  "5901321567": {
    "plan": "𝗙𝗥𝗘𝗘",
    "timer": "none"
  },
  "7010783674": {
    "plan": "𝗙𝗥𝗘𝗘",
    "timer": "none"
  },
  "1673823084": {
    "plan": "𝗙𝗥𝗘𝗘",
    "timer": "none"
  },
  "6168615367": {
    "plan": "𝗙𝗥𝗘𝗘",
    "timer": "none"
  },
  "1166051589": {
    "plan": "𝗙𝗥𝗘𝗘",
    "timer": "none"
  },
  "7179858748": {
    "plan": "Free - Not Subscribed"
  },
  "7202072688": {
    "plan": "Free - Not Subscribed"
  },
  "1812478521": {
    "plan": "Free - Not Subscribed"
  },
  "7068542251": {
    "plan": "Free - Not Subscribed"
  },
  "5148767495": {
    "plan": "Free - Not Subscribed"
  },
  "5841758682": {
    "plan": "Free - Not Subscribed"
  },
  "740195625": {
    "plan": "Free - Not Subscribed"
  },
  "6261259825": {
    "plan": "Free - Not Subscribed"
  },
  "5686347514": {
    "plan": "Free - Not Subscribed"
  },
  "947116707": {
    "plan": "Free - Not Subscribed"
  },
  "6765236872": {
    "plan": "Free - Not Subscribed",
    "timer": "none"
  },
  "5981178464": {
    "plan": "Free - Not Subscribed"
  },
  "6127107549": {
    "plan": "Free - Not Subscribed"
  },
  "6467429678": {
    "plan": "Free - Not Subscribed",
    "timer": "none"
  },
  "5512117735": {
    "plan": "Free - Not Subscribed"
  },
  "7066549244": {
    "plan": "Free - Not Subscribed"
  },
  "1324964178": {
    "plan": "Free - Not Subscribed"
  },
  "7504571500": {
    "plan": "Free - Not Subscribed"
  },
  "865122337": {
    "plan": "Free - Not Subscribed"
  },
  "331753565": {
    "plan": "Free - Not Subscribed"
  },
  "7921960075": {
    "plan": "Free - Not Subscribed",
    "timer": "none"
  },
  "5783192389": {
    "plan": "Free - Not Subscribed"
  },
  "5434228377": {
    "plan": "Free - Not Subscribed"
  },
  "6833026579": {
    "plan": "Free - Not Subscribed"
  },
  "1780458061": {
    "plan": "Free - Not Subscribed"
  },
  "6665077462": {
    "plan": "Free - Not Subscribed"
  },
  "647652659": {
    "plan": "Free - Not Subscribed"
  },
  "6682104026": {
    "plan": "Free - Not Subscribed"
  },
  "6167999593": {
    "plan": "Free - Not Subscribed"
  },
  "5761149177": {
    "plan": "Free - Not Subscribed"
  },
  "7223361270": {
    "plan": "Free - Not Subscribed"
  },
  "5790380726": {
    "plan": "Free - Not Subscribed"
  },
  "5634327560": {
    "plan": "Free - Not Subscribed"
  },
  "5539852932": {
    "plan": "Free - Not Subscribed"
  },
  "1912413450": {
    "plan": "Free - Not Subscribed"
  },
  "5692359205": {
    "plan": "Free - Not Subscribed"
  },
  "6512217488": {
    "plan": "Free - Not Subscribed"
  },
  "5446157728": {
    "plan": "Free - Not Subscribed"
  },
  "5977410872": {
    "plan": "Free - Not Subscribed"
  },
  "6458753360": {
    "plan": "Free - Not Subscribed"
  },
  "1940717885": {
    "plan": "Free - Not Subscribed"
  },
  "5301497732": {
    "plan": "Free - Not Subscribed"
  },
  "5858034474": {
    "plan": "Free - Not Subscribed"
  },
  "5213067986": {
    "plan": "Free - Not Subscribed"
  },
  "6610945551": {
    "plan": "Free - Not Subscribed"
  },
  "6522985188": {
    "plan": "Free - Not Subscribed"
  },
  "5820787153": {
    "plan": "Free - Not Subscribed"
  },
  "1529209791": {
    "plan": "Free - Not Subscribed"
  },
  "5102014204": {
    "plan": "Free - Not Subscribed"
  },
  "509594005": {
    "plan": "Free - Not Subscribed"
  },
  "7916101025": {
    "plan": "Free - Not Subscribed"
  },
  "1032724873": {
    "plan": "Free - Not Subscribed"
  },
  "6604089128": {
    "plan": "Free - Not Subscribed"
  },
  "6242764741": {
    "plan": "Free - Not Subscribed"
  },
  "6142805287": {
    "plan": "Free - Not Subscribed"
  },
  "5430100460": {
    "plan": "Free - Not Subscribed"
  },
  "6111808288": {
    "plan": "Free - Not Subscribed"
  },
  "1365589360": {
    "plan": "Free - Not Subscribed"
  },
  "7311302088": {
    "plan": "Free - Not Subscribed"
  },
  "929789400": {
    "plan": "Free - Not Subscribed"
  },
  "1110214171": {
    "plan": "Free - Not Subscribed"
  },
  "5586806569": {
    "plan": "Free - Not Subscribed"
  },
  "6060236582": {
    "plan": "Free - Not Subscribed"
  },
  "5663279506": {
    "plan": "Free - Not Subscribed"
  },
  "6507405229": {
    "plan": "Free - Not Subscribed"
  },
  "5016095106": {
    "plan": "Free - Not Subscribed"
  },
  "6426989239": {
    "plan": "Free - Not Subscribed"
  },
  "5442425118": {
    "plan": "Free - Not Subscribed"
  },
  "5072836638": {
    "plan": "Free - Not Subscribed"
  },
  "1826357263": {
    "plan": "Free - Not Subscribed"
  },
  "5545626804": {
    "plan": "Free - Not Subscribed"
  },
  "1856671252": {
    "plan": "Free - Not Subscribed"
  },
  "5995437996": {
    "plan": "Free - Not Subscribed"
  },
  "5728568831": {
    "plan": "Free - Not Subscribed"
  },
  "1409013590": {
    "plan": "Free - Not Subscribed"
  },
  "1186492817": {
    "plan": "Free - Not Subscribed"
  },
  "1579092117": {
    "plan": "Free - Not Subscribed"
  },
  "7087755964": {
    "plan": "Free - Not Subscribed"
  },
  "1524592652": {
    "plan": "Free - Not Subscribed"
  },
  "6967056425": {
    "plan": "Free - Not Subscribed"
  },
  "1414957888": {
    "plan": "Free - Not Subscribed"
  },
  "5352872053": {
    "plan": "Free - Not Subscribed"
  },
  "7477702970": {
    "plan": "Free - Not Subscribed"
  },
  "6435104101": {
    "plan": "Free - Not Subscribed"
  },
  "5006204194": {
    "plan": "Free - Not Subscribed"
  },
  "5570814821": {
    "plan": "Free - Not Subscribed"
  },
  "525737830": {
    "plan": "Free - Not Subscribed"
  },
  "6764559190": {
    "plan": "Free - Not Subscribed"
  },
  "6379831117": {
    "plan": "Free - Not Subscribed"
  },
  "6470107982": {
    "plan": "Free - Not Subscribed"
  },
  "6811191176": {
    "plan": "Free - Not Subscribed"
  },
  "1211362365": {
    "plan": "Free - Not Subscribed"
  },
  "6775793840": {
    "plan": "Free - Not Subscribed"
  },
  "1311638518": {
    "plan": "Free - Not Subscribed"
  },
  "8049563913": {
    "plan": "Free - Not Subscribed"
  },
  "5519289321": {
    "plan": "Free - Not Subscribed",
    "timer": "none"
  },
  "6132277176": {
    "plan": "Free - Not Subscribed",
    "timer": "none"
  },
  "2052723110": {
    "plan": "Free - Not Subscribed"
  },
  "6922718611": {
    "plan": "Free - Not Subscribed"
  },
  "7029928773": {
    "plan": "Free - Not Subscribed"
  },
  "6385036468": {
    "plan": "Free - Not Subscribed"
  },
  "5820812593": {
    "plan": "Free - Not Subscribed"
  },
  "7346444889": {
    "plan": "Free - Not Subscribed"
  },
  "1601372166": {
    "plan": "Free - Not Subscribed"
  },
  "789398972": {
    "plan": "Free - Not Subscribed"
  },
  "5018897945": {
    "plan": "Free - Not Subscribed"
  },
  "6665565236": {
    "plan": "Free - Not Subscribed"
  },
  "839746173": {
    "plan": "Free - Not Subscribed"
  },
  "5737730205": {
    "plan": "Free - Not Subscribed"
  },
  "1841914911": {
    "plan": "Free - Not Subscribed"
  },
  "1915986755": {
    "plan": "Free - Not Subscribed"
  },
  "6008343239": {
    "plan": "Free - Not Subscribed"
  },
  "5865330788": {
    "plan": "Free - Not Subscribed"
  },
  "7427691214": {
    "plan": "Free - Not Subscribed",
    "timer": "none"
  },
  "6198483831": {
    "plan": "Free - Not Subscribed",
    "timer": "none"
  },
  "5617239137": {
    "plan": "Free - Not Subscribed",
    "timer": "none"
  },
  "1965289355": {
    "plan": "Free - Not Subscribed",
    "timer": "none"
  },
  "5333958484": {
    "plan": "Free - Not Subscribed"
  },
  "6683275951": {
    "plan": "Free - Not Subscribed"
  },
  "1717685055": {
    "plan": "Free - Not Subscribed"
  },
  "6415038212": {
    "plan": "Free - Not Subscribed"
  },
  "8094063049": {
    "plan": "Free - Not Subscribed",
    "timer": "none"
  },
  "5094195946": {
    "plan": "Free - Not Subscribed"
  },
  "2099439835": {
    "plan": "Free - Not Subscribed",
    "timer": "none"
  },
  "5360035900": {
    "plan": "Free - Not Subscribed",
    "timer": "none"
  },
  "6976132776": {
    "plan": "Free - Not Subscribed"
  },
  "6413370277": {
    "plan": "Free - Not Subscribed"
  },
  "7075691620": {
    "plan": "Free - Not Subscribed"
  },
  "5549076982": {
    "plan": "Free - Not Subscribed"
  },
  "972366507": {
    "plan": "Free - Not Subscribed"
  },
  "5772562889": {
    "plan": "Free - Not Subscribed"
  },
  "7928748882": {
    "plan": "Free - Not Subscribed"
  },
  "1944113838": {
    "plan": "Free - Not Subscribed"
  },
  "1699227126": {
    "plan": "Free - Not Subscribed"
  },
  "-1001970337848": {
    "timer": "2024-12-25 00:15",
    "plan": "VIP Subscribed"
  },
  "5953429568": {
    "plan": "Free - Not Subscribed"
  },
  "6931631253": {
    "plan": "Free - Not Subscribed"
  },
  "910815479": {
    "plan": "Free - Not Subscribed"
  },
  "6997641212": {
    "plan": "Free - Not Subscribed"
  },
  "1352208092": {
    "plan": "Free - Not Subscribed"
  },
  "7245629786": {
    "plan": "Free - Not Subscribed"
  },
  "7404914862": {
    "plan": "Free - Not Subscribed"
  },
  "1167048396": {
    "plan": "Free - Not Subscribed"
  },
  "7311922580": {
    "plan": "Free - Not Subscribed"
  },
  "6360729420": {
    "plan": "Free - Not Subscribed"
  },
  "5568078975": {
    "plan": "Free - Not Subscribed"
  },
  "1838451337": {
    "plan": "Free - Not Subscribed"
  },
  "2136231272": {
    "plan": "Free - Not Subscribed"
  },
  "6652855196": {
    "plan": "Free - Not Subscribed"
  },
  "800472655": {
    "plan": "Free - Not Subscribed"
  },
  "1435096556": {
    "plan": "Free - Not Subscribed"
  },
  "990163640": {
    "plan": "Free - Not Subscribed"
  },
  "-1002457497170": {
    "plan": "Free - Not Subscribed"
  },
  "5760209355": {
    "plan": "Free - Not Subscribed"
  },
  "1144875413": {
    "plan": "Free - Not Subscribed"
  },
  "6442989654": {
    "plan": "Free - Not Subscribed"
  },
  "5434877883": {
    "plan": "Free - Not Subscribed"
  },
  "1850748581": {
    "plan": "Free - Not Subscribed"
  },
  "1816904146": {
    "plan": "Free - Not Subscribed",
    "timer": "none"
  },
  "1078413761": {
    "plan": "Free - Not Subscribed"
  },
  "5437207001": {
    "plan": "Free - Not Subscribed"
  },
  "5507249336": {
    "plan": "Free - Not Subscribed"
  },
  "1766191127": {
    "plan": "Free - Not Subscribed"
  },
  "1944811855": {
    "plan": "Free - Not Subscribed"
  },
  "7279021302": {
    "plan": "Free - Not Subscribed"
  },
  "6496986716": {
    "plan": "Free - Not Subscribed"
  },
  "1984816095": {
    "plan": "Free - Not Subscribed"
  },
  "1764245039": {
    "plan": "Free - Not Subscribed"
  },
  "6887741788": {
    "plan": "Free - Not Subscribed"
  },
  "6270876194": {
    "plan": "Free - Not Subscribed"
  },
  "5708147543": {
    "plan": "Free - Not Subscribed"
  },
  "7497292777": {
    "plan": "Free - Not Subscribed"
  },
  "5873906843": {
    "plan": "Free - Not Subscribed"
  },
  "2117119246": {
    "plan": "Free - Not Subscribed",
    "timer": "none"
  },
  "6928783021": {
    "plan": "Free - Not Subscribed"
  },
  "2032226426": {
    "plan": "Free - Not Subscribed"
  },
  "1277877858": {
    "plan": "Free - Not Subscribed"
  },
  "6347041767": {
    "plan": "Free - Not Subscribed"
  },
  "1739021818": {
    "plan": "Free - Not Subscribed",
    "timer": "none"
  },
  "5245948996": {
    "plan": "Free - Not Subscribed"
  },
  "6287434280": {
    "plan": "Free - Not Subscribed"
  },
  "6882074542": {
    "plan": "Free - Not Subscribed"
  },
  "6594649749": {
    "plan": "Free - Not Subscribed"
  },
  "1311126935": {
    "plan": "Free - Not Subscribed"
  },
  "6435916726": {
    "plan": "Free - Not Subscribed"
  },
  "6069590253": {
    "plan": "Free - Not Subscribed"
  },
  "7153912292": {
    "plan": "Free - Not Subscribed"
  },
  "6562564233": {
    "plan": "Free - Not Subscribed"
  },
  "6510282819": {
    "plan": "Free - Not Subscribed"
  },
  "7085539776": {
    "plan": "Free - Not Subscribed"
  },
  "5265190519": {
    "plan": "Free - Not Subscribed"
  },
  "637606504": {
    "plan": "Free - Not Subscribed"
  },
  "1110711482": {
    "plan": "Free - Not Subscribed"
  },
  "5847728962": {
    "plan": "Free - Not Subscribed"
  },
  "6663486918": {
    "plan": "Free - Not Subscribed"
  },
  "6113594865": {
    "plan": "Free - Not Subscribed"
  },
  "6635614262": {
    "plan": "Free - Not Subscribed"
  },
  "7361779193": {
    "plan": "Free - Not Subscribed"
  },
  "5446222563": {
    "plan": "Free - Not Subscribed"
  },
  "1693590899": {
    "plan": "Free - Not Subscribed"
  },
  "6098211609": {
    "plan": "Free - Not Subscribed"
  },
  "6659278560": {
    "plan": "Free - Not Subscribed"
  },
  "6387004967": {
    "plan": "Free - Not Subscribed"
  },
  "6070225929": {
    "plan": "Free - Not Subscribed"
  },
  "1898307629": {
    "plan": "Free - Not Subscribed"
  },
  "6769684562": {
    "plan": "Free - Not Subscribed"
  },
  "6353547842": {
    "plan": "Free - Not Subscribed"
  },
  "6472612483": {
    "plan": "Free - Not Subscribed"
  },
  "5918449153": {
    "plan": "Free - Not Subscribed"
  },
  "6015547199": {
    "plan": "Free - Not Subscribed"
  },
  "7248539195": {
    "plan": "Free - Not Subscribed"
  },
  "5895198964": {
    "plan": "Free - Not Subscribed"
  },
  "5930064362": {
    "plan": "Free - Not Subscribed"
  },
  "5995041264": {
    "plan": "Free - Not Subscribed"
  },
  "7170859763": {
    "plan": "Free - Not Subscribed"
  },
  "1867811238": {
    "plan": "Free - Not Subscribed"
  },
  "203878260": {
    "plan": "Free - Not Subscribed"
  },
  "5457031590": {
    "plan": "Free - Not Subscribed"
  },
  "6329743622": {
    "plan": "Free - Not Subscribed",
    "timer": "none"
  },
  "1129511971": {
    "plan": "Free - Not Subscribed"
  },
  "6532399074": {
    "plan": "Free - Not Subscribed"
  },
  "7257617637": {
    "plan": "Free - Not Subscribed"
  },
  "6130069656": {
    "plan": "Free - Not Subscribed"
  },
  "7283519358": {
    "plan": "Free - Not Subscribed"
  },
  "1221526453": {
    "plan": "Free - Not Subscribed"
  },
  "6550998826": {
    "plan": "Free - Not Subscribed"
  },
  "5472566774": {
    "plan": "Free - Not Subscribed"
  },
  "1435595235": {
    "plan": "Free - Not Subscribed"
  },
  "6864309481": {
    "plan": "Free - Not Subscribed"
  },
  "5649108586": {
    "plan": "Free - Not Subscribed"
  },
  "5269094959": {
    "plan": "Free - Not Subscribed"
  },
  "2095493556": {
    "plan": "Free - Not Subscribed"
  },
  "6302322761": {
    "plan": "Free - Not Subscribed"
  },
  "6422889570": {
    "plan": "Free - Not Subscribed"
  },
  "1746094853": {
    "plan": "Free - Not Subscribed"
  },
  "5207252329": {
    "plan": "Free - Not Subscribed"
  },
  "2098895295": {
    "plan": "Free - Not Subscribed"
  },
  "6105928895": {
    "plan": "Free - Not Subscribed"
  },
  "7530170575": {
    "plan": "Free - Not Subscribed"
  },
  "6345317775": {
    "plan": "Free - Not Subscribed"
  },
  "7168729089": {
    "plan": "Free - Not Subscribed"
  },
  "7211304576": {
    "plan": "Free - Not Subscribed"
  },
  "1099801020": {
    "plan": "Free - Not Subscribed"
  },
  "5908631915": {
    "plan": "Free - Not Subscribed"
  },
  "5589826007": {
    "plan": "Free - Not Subscribed"
  },
  "5065350126": {
    "plan": "Free - Not Subscribed"
  },
  "7047072165": {
    "plan": "Free - Not Subscribed"
  },
  "835309590": {
    "plan": "Free - Not Subscribed"
  },
  "5601861100": {
    "plan": "Free - Not Subscribed"
  },
  "5520862438": {
    "plan": "Free - Not Subscribed"
  },
  "7467384643": {
    "plan": "Free - Not Subscribed"
  },
  "5945289209": {
    "plan": "Free - Not Subscribed"
  },
  "5604657530": {
    "plan": "Free - Not Subscribed"
  },
  "1436086659": {
    "plan": "Free - Not Subscribed"
  },
  "889475924": {
    "plan": "Free - Not Subscribed"
  },
  "7657338130": {
    "plan": "Free - Not Subscribed"
  },
  "6145222071": {
    "plan": "Free - Not Subscribed"
  },
  "5860861814": {
    "plan": "Free - Not Subscribed"
  },
  "6202380664": {
    "plan": "Free - Not Subscribed"
  },
  "6853456806": {
    "plan": "Free - Not Subscribed"
  },
  "7250777705": {
    "plan": "Free - Not Subscribed"
  },
  "6085929429": {
    "plan": "Free - Not Subscribed"
  },
  "7426805160": {
    "plan": "Free - Not Subscribed"
  },
  "6166899007": {
    "plan": "Free - Not Subscribed"
  },
  "5986675473": {
    "plan": "Free - Not Subscribed"
  },
  "6402363159": {
    "plan": "Free - Not Subscribed"
  },
  "5618914519": {
    "plan": "Free - Not Subscribed"
  },
  "6592794608": {
    "plan": "Free - Not Subscribed"
  },
  "1561068615": {
    "plan": "Free - Not Subscribed"
  },
  "7174649568": {
    "plan": "Free - Not Subscribed"
  },
  "8075229786": {
    "plan": "Free - Not Subscribed"
  },
  "6492070741": {
    "plan": "Free - Not Subscribed"
  },
  "6467893886": {
    "plan": "Free - Not Subscribed"
  },
  "5936324311": {
    "plan": "Free - Not Subscribed"
  },
  "679008122": {
    "plan": "Free - Not Subscribed"
  },
  "1977611713": {
    "plan": "Free - Not Subscribed"
  },
  "7714201964": {
    "plan": "Free - Not Subscribed"
  },
  "1932813839": {
    "plan": "Free - Not Subscribed"
  },
  "865187275": {
    "plan": "Free - Not Subscribed"
  },
  "6129113735": {
    "plan": "Free - Not Subscribed"
  },
  "6306198837": {
    "plan": "Free - Not Subscribed"
  },
  "1698857435": {
    "plan": "Free - Not Subscribed"
  },
  "6287903909": {
    "plan": "Free - Not Subscribed"
  },
  "5367636387": {
    "plan": "Free - Not Subscribed"
  },
  "1821648049": {
    "plan": "Free - Not Subscribed"
  },
  "6335268589": {
    "plan": "Free - Not Subscribed"
  },
  "1653525454": {
    "plan": "Free - Not Subscribed"
  },
  "5424158783": {
    "plan": "Free - Not Subscribed"
  },
  "6223075714": {
    "plan": "Free - Not Subscribed"
  },
  "6268062835": {
    "plan": "Free - Not Subscribed"
  },
  "7423101630": {
    "plan": "Free - Not Subscribed"
  },
  "6685530769": {
    "plan": "Free - Not Subscribed",
    "timer": "none"
  },
  "5817056220": {
    "plan": "Free - Not Subscribed"
  },
  "7337293440": {
    "plan": "Free - Not Subscribed"
  },
  "7585681152": {
    "plan": "Free - Not Subscribed"
  },
  "1339420545": {
    "plan": "Free - Not Subscribed"
  },
  "7307415477": {
    "plan": "Free - Not Subscribed"
  },
  "7572356654": {
    "plan": "Free - Not Subscribed"
  },
  "5068590314": {
    "plan": "Free - Not Subscribed"
  },
  "6463616166": {
    "plan": "Free - Not Subscribed"
  },
  "5938977338": {
    "plan": "Free - Not Subscribed"
  },
  "6550188892": {
    "plan": "Free - Not Subscribed"
  },
  "6655811306": {
    "plan": "Free - Not Subscribed"
  },
  "6497509361": {
    "plan": "Free - Not Subscribed"
  },
  "7041008897": {
    "plan": "Free - Not Subscribed"
  },
  "5968065932": {
    "plan": "Free - Not Subscribed"
  },
  "6986874414": {
    "plan": "Free - Not Subscribed"
  },
  "2140522218": {
    "plan": "Free - Not Subscribed"
  },
  "5653629576": {
    "plan": "Free - Not Subscribed"
  },
  "6254987477": {
    "plan": "Free - Not Subscribed"
  },
  "6756424105": {
    "plan": "Free - Not Subscribed"
  },
  "6173055794": {
    "plan": "Free - Not Subscribed"
  },
  "6593157959": {
    "plan": "Free - Not Subscribed"
  },
  "6421774180": {
    "plan": "Free - Not Subscribed"
  },
  "7271260934": {
    "plan": "Free - Not Subscribed"
  },
  "1209809834": {
    "plan": "Free - Not Subscribed"
  },
  "1942155057": {
    "plan": "Free - Not Subscribed"
  },
  "7532273477": {
    "plan": "Free - Not Subscribed",
    "timer": "none"
  },
  "905245559": {
    "plan": "Free - Not Subscribed"
  },
  "6963428080": {
    "plan": "Free - Not Subscribed"
  },
  "5300555719": {
    "plan": "Free - Not Subscribed"
  },
  "6499436331": {
    "plan": "Free - Not Subscribed"
  },
  "1124942119": {
    "plan": "Free - Not Subscribed"
  },
  "5220970322": {
    "plan": "Free - Not Subscribed"
  },
  "1342620692": {
    "plan": "Free - Not Subscribed"
  },
  "5760745880": {
    "plan": "Free - Not Subscribed"
  },
  "6345130634": {
    "plan": "Free - Not Subscribed"
  },
  "7765886693": {
    "plan": "Free - Not Subscribed"
  },
  "5788851078": {
    "plan": "Free - Not Subscribed"
  },
  "7013864158": {
    "plan": "Free - Not Subscribed"
  },
  "6198020979": {
    "plan": "Free - Not Subscribed"
  },
  "1206229559": {
    "plan": "Free - Not Subscribed"
  },
  "1392244586": {
    "plan": "Free - Not Subscribed"
  },
  "6693653370": {
    "plan": "Free - Not Subscribed"
  },
  "1900452826": {
    "plan": "Free - Not Subscribed"
  },
  "6425421384": {
    "plan": "Free - Not Subscribed"
  },
  "6862050234": {
    "plan": "Free - Not Subscribed"
  },
  "7283687850": {
    "plan": "Free - Not Subscribed"
  },
  "7558010599": {
    "plan": "Free - Not Subscribed"
  },
  "6996404917": {
    "plan": "Free - Not Subscribed"
  },
  "8060034761": {
    "plan": "Free - Not Subscribed"
  },
  "6568295648": {
    "plan": "Free - Not Subscribed"
  },
  "6489048112": {
    "plan": "Free - Not Subscribed"
  },
  "6838159867": {
    "plan": "Free - Not Subscribed"
  },
  "5156731769": {
    "plan": "Free - Not Subscribed"
  },
  "6686333687": {
    "plan": "Free - Not Subscribed"
  },
  "6229830458": {
    "plan": "Free - Not Subscribed"
  },
  "1659975091": {
    "plan": "Free - Not Subscribed"
  },
  "5427397659": {
    "plan": "Free - Not Subscribed"
  },
  "6901653043": {
    "plan": "Free - Not Subscribed"
  },
  "6911602377": {
    "plan": "Free - Not Subscribed"
  },
  "5747289511": {
    "plan": "Free - Not Subscribed"
  },
  "6200706724": {
    "plan": "Free - Not Subscribed"
  },
  "5138256986": {
    "plan": "Free - Not Subscribed"
  },
  "6044030941": {
    "plan": "Free - Not Subscribed"
  },
  "1878005176": {
    "plan": "Free - Not Subscribed"
  },
  "6782844534": {
    "plan": "Free - Not Subscribed"
  },
  "5733740481": {
    "plan": "Free - Not Subscribed"
  },
  "7275888505": {
    "plan": "Free - Not Subscribed"
  },
  "6390566102": {
    "plan": "Free - Not Subscribed"
  },
  "5313013748": {
    "plan": "Free - Not Subscribed"
  },
  "6435455164": {
    "plan": "Free - Not Subscribed"
  },
  "7038699134": {
    "plan": "Free - Not Subscribed"
  },
  "5714638151": {
    "plan": "Free - Not Subscribed"
  },
  "7078825040": {
    "plan": "Free - Not Subscribed"
  },
  "1099305957": {
    "plan": "Free - Not Subscribed"
  },
  "6568058381": {
    "plan": "Free - Not Subscribed"
  },
  "745949067": {
    "plan": "Free - Not Subscribed"
  },
  "1410655531": {
    "plan": "Free - Not Subscribed"
  },
  "429461444": {
    "plan": "Free - Not Subscribed",
    "timer": "none"
  },
  "846159981": {
    "plan": "Free - Not Subscribed"
  },
  "5379022199": {
    "plan": "Free - Not Subscribed"
  },
  "5997857642": {
    "plan": "Free - Not Subscribed"
  },
  "1646620252": {
    "plan": "Free - Not Subscribed"
  },
  "5492969790": {
    "plan": "Free - Not Subscribed"
  },
  "5227894636": {
    "plan": "Free - Not Subscribed"
  },
  "1639066693": {
    "plan": "Free - Not Subscribed"
  },
  "5005142747": {
    "plan": "Free - Not Subscribed"
  },
  "6550392879": {
    "plan": "Free - Not Subscribed",
    "timer": "none"
  },
  "5584134976": {
    "plan": "Free - Not Subscribed"
  },
  "5894897927": {
    "plan": "Free - Not Subscribed"
  },
  "935782375": {
    "plan": "Free - Not Subscribed"
  },
  "7194625754": {
    "plan": "Free - Not Subscribed"
  },
  "6033730210": {
    "plan": "Free - Not Subscribed"
  },
  "1884252778": {
    "plan": "Free - Not Subscribed"
  },
  "1578167354": {
    "plan": "Free - Not Subscribed"
  },
  "7398326904": {
    "plan": "Free - Not Subscribed"
  },
  "6818853965": {
    "plan": "Free - Not Subscribed"
  },
  "7003149278": {
    "plan": "Free - Not Subscribed"
  },
  "6483605926": {
    "plan": "Free - Not Subscribed"
  },
  "5996787755": {
    "plan": "Free - Not Subscribed"
  },
  "2084893266": {
    "plan": "Free - Not Subscribed"
  },
  "5439156583": {
    "plan": "Free - Not Subscribed"
  },
  "876147165": {
    "plan": "Free - Not Subscribed"
  },
  "7315015039": {
    "plan": "Free - Not Subscribed"
  },
  "6412728877": {
    "plan": "Free - Not Subscribed"
  },
  "7160526874": {
    "plan": "Free - Not Subscribed"
  },
  "889193907": {
    "plan": "Free - Not Subscribed"
  },
  "5855843544": {
    "plan": "Free - Not Subscribed"
  },
  "6021047784": {
    "plan": "Free - Not Subscribed",
    "timer": "none"
  },
  "6605523529": {
    "plan": "Free - Not Subscribed"
  },
  "6458887423": {
    "plan": "Free - Not Subscribed"
  },
  "287720788": {
    "plan": "Free - Not Subscribed"
  },
  "6040451506": {
    "plan": "Free - Not Subscribed"
  },
  "5615899932": {
    "plan": "Free - Not Subscribed"
  },
  "6935662727": {
    "plan": "Free - Not Subscribed"
  },
  "1839691127": {
    "plan": "Free - Not Subscribed"
  },
  "7277434163": {
    "plan": "Free - Not Subscribed"
  },
  "6466153207": {
    "plan": "Free - Not Subscribed"
  },
  "1067962077": {
    "plan": "Free - Not Subscribed"
  },
  "5647448023": {
    "plan": "Free - Not Subscribed"
  },
  "7013223559": {
    "plan": "Free - Not Subscribed"
  },
  "6943186801": {
    "plan": "Free - Not Subscribed"
  },
  "7589318821": {
    "plan": "Free - Not Subscribed"
  },
  "5847917351": {
    "plan": "Free - Not Subscribed"
  },
  "5539462061": {
    "plan": "Free - Not Subscribed"
  },
  "5735518437": {
    "plan": "Free - Not Subscribed"
  },
  "6925464695": {
    "plan": "Free - Not Subscribed"
  },
  "6147024058": {
    "plan": "Free - Not Subscribed"
  },
  "7045801802": {
    "plan": "Free - Not Subscribed"
  },
  "743139439": {
    "plan": "Free - Not Subscribed"
  },
  "5026947753": {
    "plan": "Free - Not Subscribed"
  },
  "5898279765": {
    "plan": "Free - Not Subscribed"
  },
  "6744371206": {
    "plan": "Free - Not Subscribed"
  },
  "6828302197": {
    "plan": "Free - Not Subscribed"
  },
  "6689136005": {
    "plan": "Free - Not Subscribed",
    "timer": "none"
  },
  "127825734": {
    "plan": "Free - Not Subscribed"
  },
  "7493662735": {
    "plan": "Free - Not Subscribed"
  },
  "5761041865": {
    "plan": "Free - Not Subscribed"
  },
  "5854543719": {
    "plan": "Free - Not Subscribed"
  },
  "1510608235": {
    "plan": "Free - Not Subscribed"
  },
  "1266405048": {
    "plan": "Free - Not Subscribed"
  },
  "5065276380": {
    "plan": "Free - Not Subscribed"
  },
  "7642593210": {
    "plan": "Free - Not Subscribed"
  },
  "7130173673": {
    "plan": "Free - Not Subscribed"
  },
  "1326657084": {
    "plan": "Free - Not Subscribed"
  },
  "1672301426": {
    "plan": "Free - Not Subscribed"
  },
  "7221087191": {
    "plan": "Free - Not Subscribed"
  },
  "7580806949": {
    "plan": "Free - Not Subscribed"
  },
  "6529205429": {
    "plan": "Free - Not Subscribed"
  },
  "43806568": {
    "plan": "Free - Not Subscribed"
  },
  "6045114071": {
    "plan": "Free - Not Subscribed"
  },
  "7413793114": {
    "plan": "Free - Not Subscribed"
  },
  "7490463328": {
    "plan": "Free - Not Subscribed"
  },
  "1149765182": {
    "plan": "Free - Not Subscribed"
  },
  "6930300314": {
    "plan": "Free - Not Subscribed"
  },
  "7590683116": {
    "plan": "Free - Not Subscribed"
  },
  "6211422997": {
    "plan": "Free - Not Subscribed"
  },
  "726281441": {
    "plan": "Free - Not Subscribed"
  },
  "5889867818": {
    "plan": "Free - Not Subscribed"
  },
  "5108402895": {
    "plan": "Free - Not Subscribed"
  },
  "5734865858": {
    "plan": "Free - Not Subscribed"
  },
  "699684994": {
    "plan": "Free - Not Subscribed"
  },
  "728963674": {
    "plan": "Free - Not Subscribed"
  },
  "7193257772": {
    "plan": "Free - Not Subscribed"
  },
  "7427102810": {
    "plan": "Free - Not Subscribed"
  },
  "1914900907": {
    "plan": "Free - Not Subscribed"
  },
  "922292645": {
    "plan": "Free - Not Subscribed"
  },
  "2122461569": {
    "plan": "Free - Not Subscribed"
  },
  "1926973013": {
    "plan": "Free - Not Subscribed"
  },
  "6668832964": {
    "plan": "Free - Not Subscribed"
  },
  "1916831766": {
    "plan": "Free - Not Subscribed"
  },
  "1920711632": {
    "plan": "Free - Not Subscribed"
  },
  "885130831": {
    "plan": "Free - Not Subscribed"
  },
  "6693804346": {
    "plan": "Free - Not Subscribed"
  },
  "2144107007": {
    "plan": "Free - Not Subscribed"
  },
  "1287611398": {
    "plan": "Free - Not Subscribed"
  },
  "6979888706": {
    "plan": "Free - Not Subscribed"
  },
  "6850373956": {
    "plan": "Free - Not Subscribed"
  },
  "1777017101": {
    "plan": "Free - Not Subscribed"
  },
  "6952940943": {
    "plan": "Free - Not Subscribed"
  },
  "7208450336": {
    "plan": "Free - Not Subscribed",
    "timer": "none"
  },
  "6646223732": {
    "plan": "Free - Not Subscribed"
  },
  "5441993073": {
    "plan": "Free - Not Subscribed"
  },
  "6882570734": {
    "plan": "Free - Not Subscribed"
  },
  "6894742726": {
    "plan": "Free - Not Subscribed"
  },
  "819327005": {
    "plan": "Free - Not Subscribed"
  },
  "2146137525": {
    "plan": "Free - Not Subscribed"
  },
  "6690655942": {
    "plan": "Free - Not Subscribed"
  },
  "5264138767": {
    "plan": "Free - Not Subscribed"
  },
  "5812684677": {
    "plan": "Free - Not Subscribed"
  },
  "6762197478": {
    "plan": "Free - Not Subscribed"
  },
  "6916910245": {
    "plan": "Free - Not Subscribed"
  },
  "6997944818": {
    "plan": "Free - Not Subscribed"
  },
  "7177407705": {
    "plan": "Free - Not Subscribed"
  },
  "6620457947": {
    "plan": "Free - Not Subscribed"
  },
  "2036140612": {
    "plan": "Free - Not Subscribed"
  },
  "6442527073": {
    "plan": "Free - Not Subscribed"
  },
  "6526297591": {
    "plan": "Free - Not Subscribed"
  },
  "1085510570": {
    "plan": "Free - Not Subscribed"
  },
  "5635399443": {
    "plan": "Free - Not Subscribed"
  },
  "6235765553": {
    "plan": "Free - Not Subscribed"
  },
  "1006291380": {
    "plan": "Free - Not Subscribed"
  },
  "1511440740": {
    "plan": "Free - Not Subscribed"
  },
  "7330666054": {
    "plan": "Free - Not Subscribed"
  },
  "1131233588": {
    "plan": "Free - Not Subscribed"
  },
  "5290573529": {
    "plan": "Free - Not Subscribed"
  },
  "8110340759": {
    "plan": "Free - Not Subscribed"
  },
  "7840725209": {
    "plan": "Free - Not Subscribed"
  },
  "GSIXTEAM-2024-G92K": {
    "plan": "Free - Not Subscribed"
  },
  "7695401278": {
    "plan": "Free - Not Subscribed"
  },
  "6299833965": {
    "plan": "Free - Not Subscribed"
  },
  "7350603549": {
    "plan": "Free - Not Subscribed"
  },
  "5624991253": {
    "plan": "Free - Not Subscribed"
  },
  "GSIXTEAM-2024-95M6": {
    "plan": "Free - Not Subscribed"
  },
  "6719407096": {
    "plan": "Free - Not Subscribed"
  },
  "1324712634": {
    "plan": "Free - Not Subscribed"
  },
  "5015781205": {
    "plan": "Free - Not Subscribed"
  },
  "6658831303": {
    "plan": "Free - Not Subscribed"
  },
  "7441006424": {
    "plan": "Free - Not Subscribed"
  },
  "1490088794": {
    "plan": "Free - Not Subscribed"
  },
  "6304864760": {
    "plan": "Free - Not Subscribed"
  },
  "647233741": {
    "plan": "Free - Not Subscribed"
  },
  "1656741073": {
    "plan": "Free - Not Subscribed"
  },
  "7421875876": {
    "plan": "Free - Not Subscribed"
  },
  "5489294204": {
    "plan": "Free - Not Subscribed"
  },
  "6043053444": {
    "plan": "Free - Not Subscribed"
  },
  "6841489271": {
    "plan": "Free - Not Subscribed",
    "timer": "none"
  },
  "1432643231": {
    "plan": "Free - Not Subscribed"
  },
  "5961232413": {
    "plan": "Free - Not Subscribed"
  },
  "6711862476": {
    "plan": "Free - Not Subscribed"
  },
  "2138786935": {
    "plan": "Free - Not Subscribed"
  },
  "6683098127": {
    "plan": "Free - Not Subscribed"
  },
  "7921639473": {
    "plan": "Free - Not Subscribed"
  },
  "5821898408": {
    "plan": "Free - Not Subscribed"
  },
  "1293174588": {
    "plan": "Free - Not Subscribed"
  },
  "7885699980": {
    "plan": "Free - Not Subscribed"
  },
  "7346383651": {
    "plan": "Free - Not Subscribed"
  },
  "6647207263": {
    "plan": "Free - Not Subscribed"
  },
  "6420107322": {
    "plan": "Free - Not Subscribed"
  },
  "5016560142": {
    "plan": "Free - Not Subscribed"
  },
  "7836453697": {
    "plan": "Free - Not Subscribed"
  },
  "7035165277": {
    "plan": "Free - Not Subscribed"
  },
  "5967868378": {
    "plan": "Free - Not Subscribed"
  },
  "6616576138": {
    "plan": "Free - Not Subscribed"
  },
  "1801335719": {
    "plan": "Free - Not Subscribed"
  },
  "7394590844": {
    "plan": "Free - Not Subscribed"
  },
  "7679434156": {
    "plan": "Free - Not Subscribed"
  },
  "7523906693": {
    "plan": "Free - Not Subscribed"
  },
  "898551286": {
    "plan": "Free - Not Subscribed"
  },
  "7156530289": {
    "plan": "Free - Not Subscribed"
  },
  "6937568471": {
    "plan": "Free - Not Subscribed"
  },
  "6498551799": {
    "plan": "Free - Not Subscribed"
  },
  "1148505564": {
    "plan": "Free - Not Subscribed"
  },
  "6977574762": {
    "plan": "Free - Not Subscribed"
  },
  "7227106940": {
    "plan": "Free - Not Subscribed"
  },
  "7078266953": {
    "plan": "Free - Not Subscribed"
  },
  "7065613082": {
    "plan": "Free - Not Subscribed"
  },
  "6191572773": {
    "plan": "Free - Not Subscribed"
  },
  "7152050854": {
    "plan": "Free - Not Subscribed"
  },
  "7542345281": {
    "plan": "Free - Not Subscribed"
  },
  "2024355136": {
    "plan": "Free - Not Subscribed"
  },
  "1259270444": {
    "plan": "Free - Not Subscribed"
  },
  "6979007778": {
    "plan": "Free - Not Subscribed"
  },
  "5775228873": {
    "plan": "Free - Not Subscribed"
  },
  "7546982687": {
    "plan": "Free - Not Subscribed"
  },
  "5907442561": {
    "plan": "Free - Not Subscribed"
  },
  "6695129707": {
    "plan": "Free - Not Subscribed"
  },
  "6437914235": {
    "plan": "Free - Not Subscribed"
  },
  "1715564768": {
    "plan": "Free - Not Subscribed"
  },
  "7192453311": {
    "plan": "Free - Not Subscribed"
  },
  "2132270114": {
    "plan": "Free - Not Subscribed"
  },
  "5950631132": {
    "timer": "2024-12-29 04:22",
    "plan": "VIP Subscribed"
  },
  "6135653087": {
    "plan": "Free - Not Subscribed"
  },
  "7082110549": {
    "plan": "Free - Not Subscribed"
  },
  "6211985486": {
    "plan": "Free - Not Subscribed"
  },
  "6457124624": {
    "plan": "Free - Not Subscribed"
  },
  "7678049002": {
    "plan": "Free - Not Subscribed"
  },
  "5786161763": {
    "plan": "Free - Not Subscribed"
  },
  "7724668119": {
    "plan": "Free - Not Subscribed"
  },
  "6957274592": {
    "plan": "Free - Not Subscribed"
  },
  "7949979002": {
    "plan": "Free - Not Subscribed"
  },
  "792083776": {
    "plan": "Free - Not Subscribed"
  },
  "6913614771": {
    "plan": "Free - Not Subscribed"
  },
  "6432580068": {
    "plan": "Free - Not Subscribed"
  },
  "8132934878": {
    "plan": "Free - Not Subscribed"
  },
  "1427995253": {
    "plan": "Free - Not Subscribed"
  },
  "7931465200": {
    "plan": "Free - Not Subscribed"
  },
  "6652038779": {
    "plan": "Free - Not Subscribed"
  },
  "7214066357": {
    "plan": "Free - Not Subscribed"
  },
  "7423915921": {
    "plan": "Free - Not Subscribed"
  },
  "7451601917": {
    "plan": "Free - Not Subscribed"
  },
  "5477138192": {
    "plan": "Free - Not Subscribed"
  },
  "6687544613": {
    "plan": "Free - Not Subscribed"
  },
  "6857370535": {
    "plan": "Free - Not Subscribed"
  },
  "2073383219": {
    "plan": "Free - Not Subscribed"
  },
  "7484603551": {
    "plan": "Free - Not Subscribed"
  },
  "5435248502": {
    "plan": "Free - Not Subscribed"
  },
  "6248763482": {
    "plan": "Free - Not Subscribed"
  },
  "5466264872": {
    "plan": "Free - Not Subscribed"
  },
  "6489815566": {
    "plan": "Free - Not Subscribed"
  },
  "6523139357": {
    "plan": "Free - Not Subscribed"
  },
  "6039055655": {
    "plan": "Free - Not Subscribed"
  },
  "5361436513": {
    "plan": "Free - Not Subscribed"
  },
  "6194332747": {
    "plan": "Free - Not Subscribed"
  },
  "1860698316": {
    "plan": "Free - Not Subscribed"
  },
  "5611206790": {
    "plan": "Free - Not Subscribed"
  },
  "7097148834": {
    "plan": "Free - Not Subscribed"
  },
  "5850649217": {
    "plan": "Free - Not Subscribed"
  },
  "6185209549": {
    "plan": "Free - Not Subscribed"
  },
  "1624896188": {
    "plan": "Free - Not Subscribed"
  },
  "7715500482": {
    "plan": "Free - Not Subscribed"
  },
  "994383066": {
    "plan": "Free - Not Subscribed",
    "timer": "none"
  },
  "1133926082": {
    "plan": "Free - Not Subscribed"
  },
  "6329088981": {
    "plan": "Free - Not Subscribed"
  },
  "7696744626": {
    "plan": "Free - Not Subscribed"
  },
  "6459061921": {
    "plan": "Free - Not Subscribed"
  },
  "6841207668": {
    "plan": "Free - Not Subscribed"
  },
  "7089676752": {
    "plan": "Free - Not Subscribed"
  },
  "5965245332": {
    "plan": "Free - Not Subscribed"
  },
  "6142773994": {
    "plan": "Free - Not Subscribed"
  },
  "6615260034": {
    "plan": "Free - Not Subscribed"
  },
  "5700220583": {
    "plan": "Free - Not Subscribed"
  },
  "7126461941": {
    "plan": "Free - Not Subscribed"
  },
  "5813597970": {
    "plan": "Free - Not Subscribed"
  },
  "6999433254": {
    "plan": "Free - Not Subscribed"
  },
  "7731884982": {
    "plan": "Free - Not Subscribed"
  },
  "6427885666": {
    "plan": "Free - Not Subscribed"
  },
  "783583665": {
    "plan": "Free - Not Subscribed"
  },
  "5690671345": {
    "plan": "Free - Not Subscribed"
  },
  "1886400815": {
    "plan": "Free - Not Subscribed"
  },
  "2020432853": {
    "plan": "Free - Not Subscribed"
  },
  "6173026036": {
    "plan": "Free - Not Subscribed"
  },
  "6494511762": {
    "plan": "Free - Not Subscribed"
  },
  "6447430861": {
    "plan": "Free - Not Subscribed"
  },
  "7105027290": {
    "plan": "Free - Not Subscribed"
  },
  "7229582446": {
    "plan": "Free - Not Subscribed"
  },
  "6858905158": {
    "plan": "Free - Not Subscribed"
  },
  "7459401377": {
    "plan": "Free - Not Subscribed"
  },
  "7721134219": {
    "plan": "Free - Not Subscribed"
  },
  "766707979": {
    "plan": "Free - Not Subscribed"
  },
  "6367236863": {
    "plan": "Free - Not Subscribed"
  },
  "7162426772": {
    "plan": "Free - Not Subscribed"
  },
  "7483075501": {
    "plan": "Free - Not Subscribed"
  },
  "1713986516": {
    "plan": "Free - Not Subscribed"
  },
  "8184514336": {
    "plan": "Free - Not Subscribed"
  },
  "1155786846": {
    "plan": "Free - Not Subscribed"
  },
  "5804601303": {
    "plan": "Free - Not Subscribed"
  },
  "5218644537": {
    "plan": "Free - Not Subscribed"
  },
  "6356183423": {
    "plan": "Free - Not Subscribed"
  },
  "6872777737": {
    "plan": "Free - Not Subscribed"
  },
  "6692315925": {
    "plan": "Free - Not Subscribed"
  },
  "6807810792": {
    "plan": "Free - Not Subscribed"
  },
  "7111992926": {
    "plan": "Free - Not Subscribed"
  },
  "5289210839": {
    "plan": "Free - Not Subscribed"
  },
  "1663478984": {
    "plan": "Free - Not Subscribed"
  },
  "5928767718": {
    "plan": "Free - Not Subscribed"
  },
  "2054688635": {
    "plan": "Free - Not Subscribed"
  },
  "6321978723": {
    "plan": "Free - Not Subscribed"
  },
  "2006293973": {
    "plan": "Free - Not Subscribed"
  },
  "7196684851": {
    "plan": "Free - Not Subscribed"
  },
  "6113914375": {
    "plan": "Free - Not Subscribed"
  },
  "5108798053": {
    "plan": "Free - Not Subscribed"
  },
  "948895728": {
    "plan": "Free - Not Subscribed"
  },
  "1859787189": {
    "plan": "Free - Not Subscribed"
  },
  "6239906967": {
    "plan": "Free - Not Subscribed"
  },
  "5947196625": {
    "plan": "Free - Not Subscribed",
    "timer": "none"
  },
  "5210570228": {
    "plan": "Free - Not Subscribed"
  },
  "5408590497": {
    "plan": "Free - Not Subscribed"
  },
  "6741201067": {
    "plan": "Free - Not Subscribed"
  },
  "5770190528": {
    "plan": "Free - Not Subscribed"
  },
  "6123315504": {
    "plan": "Free - Not Subscribed"
  },
  "7176980626": {
    "plan": "Free - Not Subscribed"
  },
  "5162885921": {
    "plan": "Free - Not Subscribed"
  },
  "5032344439": {
    "plan": "Free - Not Subscribed"
  },
  "7422190601": {
    "plan": "Free - Not Subscribed"
  },
  "6911327304": {
    "plan": "Free - Not Subscribed"
  },
  "6338966939": {
    "plan": "Free - Not Subscribed"
  },
  "7507740664": {
    "plan": "Free - Not Subscribed"
  },
  "7148392834": {
    "plan": "Free - Not Subscribed"
  },
  "1970061334": {
    "plan": "Free - Not Subscribed"
  },
  "6265624550": {
    "plan": "Free - Not Subscribed"
  },
  "5719955023": {
    "plan": "Free - Not Subscribed"
  },
  "7116080083": {
    "plan": "Free - Not Subscribed"
  },
  "1453537829": {
    "plan": "Free - Not Subscribed"
  },
  "5372081749": {
    "plan": "Free - Not Subscribed"
  },
  "7176032060": {
    "plan": "Free - Not Subscribed"
  },
  "5040025097": {
    "plan": "Free - Not Subscribed"
  },
  "1969267198": {
    "plan": "Free - Not Subscribed"
  },
  "6674927096": {
    "plan": "Free - Not Subscribed"
  },
  "6091825930": {
    "plan": "Free - Not Subscribed"
  },
  "6197817797": {
    "plan": "Free - Not Subscribed"
  },
  "7008405402": {
    "plan": "Free - Not Subscribed"
  },
  "1439771387": {
    "plan": "Free - Not Subscribed"
  },
  "1364549026": {
    "plan": "Free - Not Subscribed"
  },
  "6821529235": {
    "plan": "Free - Not Subscribed"
  },
  "5916747026": {
    "plan": "Free - Not Subscribed"
  },
  "6047984479": {
    "plan": "Free - Not Subscribed"
  },
  "6314883127": {
    "plan": "Free - Not Subscribed"
  },
  "7077776294": {
    "plan": "Free - Not Subscribed"
  },
  "1662254300": {
    "plan": "Free - Not Subscribed"
  },
  "5179005503": {
    "plan": "Free - Not Subscribed"
  },
  "5908844464": {
    "plan": "Free - Not Subscribed",
    "timer": "none"
  },
  "6270304005": {
    "plan": "Free - Not Subscribed"
  },
  "7341129733": {
    "plan": "Free - Not Subscribed"
  },
  "5954807333": {
    "plan": "Free - Not Subscribed"
  },
  "5745200535": {
    "plan": "Free - Not Subscribed"
  },
  "7916285909": {
    "plan": "Free - Not Subscribed"
  },
  "6295839204": {
    "plan": "Free - Not Subscribed"
  },
  "7064870567": {
    "plan": "Free - Not Subscribed"
  },
  "7498028748": {
    "plan": "Free - Not Subscribed"
  },
  "6547944798": {
    "plan": "Free - Not Subscribed"
  },
  "6711264171": {
    "plan": "Free - Not Subscribed"
  },
  "1733307368": {
    "plan": "Free - Not Subscribed"
  },
  "919600839": {
    "plan": "Free - Not Subscribed"
  },
  "5019845741": {
    "plan": "Free - Not Subscribed"
  },
  "6829622268": {
    "plan": "Free - Not Subscribed"
  },
  "7669895609": {
    "plan": "Free - Not Subscribed"
  },
  "7256255636": {
    "plan": "Free - Not Subscribed"
  },
  "836983794": {
    "plan": "Free - Not Subscribed"
  },
  "1450779437": {
    "plan": "Free - Not Subscribed"
  },
  "921917338": {
    "plan": "Free - Not Subscribed"
  },
  "7261836048": {
    "plan": "Free - Not Subscribed"
  },
  "6266323553": {
    "plan": "Free - Not Subscribed"
  },
  "1377150939": {
    "plan": "Free - Not Subscribed"
  },
  "7309636282": {
    "plan": "Free - Not Subscribed"
  },
  "5180312880": {
    "plan": "Free - Not Subscribed"
  },
  "5914390494": {
    "plan": "Free - Not Subscribed"
  },
  "6985813027": {
    "plan": "Free - Not Subscribed"
  },
  "6162129506": {
    "plan": "Free - Not Subscribed"
  },
  "6589878099": {
    "plan": "Free - Not Subscribed"
  },
  "1821099472": {
    "plan": "Free - Not Subscribed"
  },
  "652643185": {
    "plan": "Free - Not Subscribed"
  },
  "6399268110": {
    "plan": "Free - Not Subscribed"
  },
  "5051791569": {
    "plan": "Free - Not Subscribed"
  },
  "5880618594": {
    "plan": "Free - Not Subscribed"
  },
  "7912054827": {
    "plan": "Free - Not Subscribed"
  },
  "5493298568": {
    "plan": "Free - Not Subscribed"
  },
  "5513696699": {
    "plan": "Free - Not Subscribed"
  },
  "7229423471": {
    "plan": "Free - Not Subscribed",
    "timer": "none"
  },
  "5903579601": {
    "plan": "Free - Not Subscribed"
  },
  "6107979806": {
    "plan": "Free - Not Subscribed"
  },
  "7346214930": {
    "plan": "Free - Not Subscribed"
  },
  "6697244152": {
    "plan": "Free - Not Subscribed"
  },
  "1291024378": {
    "plan": "Free - Not Subscribed"
  },
  "966607076": {
    "plan": "Free - Not Subscribed"
  },
  "1963679966": {
    "plan": "Free - Not Subscribed"
  },
  "5342835432": {
    "plan": "Free - Not Subscribed"
  },
  "1641661968": {
    "plan": "Free - Not Subscribed"
  },
  "6808696085": {
    "plan": "Free - Not Subscribed"
  },
  "7564471357": {
    "plan": "Free - Not Subscribed"
  },
  "7372853857": {
    "plan": "Free - Not Subscribed"
  },
  "6986185927": {
    "plan": "Free - Not Subscribed"
  },
  "8042941765": {
    "plan": "Free - Not Subscribed"
  },
  "1483641422": {
    "plan": "Free - Not Subscribed"
  },
  "6604825525": {
    "plan": "Free - Not Subscribed"
  },
  "6014407276": {
    "plan": "Free - Not Subscribed"
  },
  "6699620797": {
    "plan": "Free - Not Subscribed"
  },
  "5903607923": {
    "plan": "Free - Not Subscribed"
  },
  "6841826529": {
    "plan": "Free - Not Subscribed"
  },
  "7276040423": {
    "plan": "Free - Not Subscribed"
  },
  "5974424307": {
    "plan": "Free - Not Subscribed"
  },
  "5861573860": {
    "plan": "Free - Not Subscribed"
  },
  "5355630913": {
    "plan": "Free - Not Subscribed"
  },
  "6499135230": {
    "plan": "Free - Not Subscribed"
  },
  "6850600201": {
    "plan": "Free - Not Subscribed"
  },
  "6999945684": {
    "plan": "Free - Not Subscribed"
  },
  "5334726081": {
    "plan": "Free - Not Subscribed"
  },
  "7489676661": {
    "plan": "Free - Not Subscribed"
  },
  "6191588561": {
    "plan": "Free - Not Subscribed"
  },
  "7457343421": {
    "plan": "Free - Not Subscribed"
  },
  "5124424889": {
    "plan": "Free - Not Subscribed"
  },
  "1842661415": {
    "plan": "Free - Not Subscribed"
  },
  "7977515065": {
    "plan": "Free - Not Subscribed"
  },
  "5388632534": {
    "plan": "Free - Not Subscribed"
  },
  "5311344420": {
    "plan": "Free - Not Subscribed"
  },
  "7135435581": {
    "plan": "Free - Not Subscribed"
  },
  "731336143": {
    "plan": "Free - Not Subscribed"
  },
  "7511070361": {
    "plan": "Free - Not Subscribed"
  },
  "6713850119": {
    "plan": "Free - Not Subscribed"
  },
  "7402914764": {
    "plan": "Free - Not Subscribed"
  },
  "5572028073": {
    "plan": "Free - Not Subscribed"
  },
  "6989803612": {
    "plan": "Free - Not Subscribed"
  },
  "5822073372": {
    "plan": "Free - Not Subscribed"
  },
  "7771936753": {
    "plan": "Free - Not Subscribed"
  },
  "6629112753": {
    "plan": "Free - Not Subscribed"
  },
  "1377104120": {
    "timer": "2026-01-04 00:38",
    "plan": "VIP Subscribed"
  },
  "5887859689": {
    "plan": "Free - Not Subscribed"
  },
  "1041475192": {
    "plan": "Free - Not Subscribed"
  },
  "7010983254": {
    "plan": "Free - Not Subscribed"
  },
  "1131513656": {
    "plan": "Free - Not Subscribed"
  },
  "6815766028": {
    "plan": "Free - Not Subscribed"
  },
  "5005958304": {
    "plan": "Free - Not Subscribed"
  },
  "5210017803": {
    "plan": "Free - Not Subscribed"
  },
  "7888079020": {
    "plan": "Free - Not Subscribed"
  },
  "5880533223": {
    "plan": "Free - Not Subscribed",
    "timer": "none"
  },
  "5472848646": {
    "plan": "Free - Not Subscribed"
  },
  "8171182985": {
    "plan": "Free - Not Subscribed"
  },
  "5368975840": {
    "plan": "Free - Not Subscribed"
  },
  "5865245358": {
    "plan": "Free - Not Subscribed",
    "timer": "none"
  },
  "6546871664": {
    "plan": "Free - Not Subscribed"
  },
  "680349125": {
    "plan": "Free - Not Subscribed"
  },
  "6027917999": {
    "plan": "Free - Not Subscribed"
  },
  "6993139604": {
    "plan": "Free - Not Subscribed"
  },
  "7194638029": {
    "plan": "Free - Not Subscribed"
  },
  "6052713305": {
    "plan": "Free - Not Subscribed",
    "timer": "none"
  },
  "6201806207": {
    "plan": "Free - Not Subscribed"
  },
  "1652844254": {
    "plan": "Free - Not Subscribed"
  },
  "6475750271": {
    "plan": "Free - Not Subscribed"
  },
  "2116522025": {
    "plan": "Free - Not Subscribed"
  },
  "209576909": {
    "plan": "Free - Not Subscribed"
  },
  "1344144034": {
    "plan": "Free - Not Subscribed"
  },
  "6856645328": {
    "plan": "Free - Not Subscribed"
  },
  "6171476933": {
    "plan": "Free - Not Subscribed"
  },
  "6383492267": {
    "plan": "Free - Not Subscribed"
  },
  "5053049619": {
    "plan": "Free - Not Subscribed"
  },
  "6038565620": {
    "plan": "Free - Not Subscribed"
  },
  "7112264138": {
    "plan": "Free - Not Subscribed"
  },
  "1624008481": {
    "plan": "Free - Not Subscribed"
  },
  "1410533806": {
    "plan": "Free - Not Subscribed"
  },
  "7039648723": {
    "plan": "Free - Not Subscribed"
  },
  "6875442913": {
    "plan": "Free - Not Subscribed"
  },
  "1859082585": {
    "plan": "Free - Not Subscribed"
  },
  "5749289607": {
    "plan": "Free - Not Subscribed"
  },
  "5431931947": {
    "plan": "Free - Not Subscribed"
  },
  "1807128677": {
    "plan": "Free - Not Subscribed"
  },
  "5979350601": {
    "plan": "Free - Not Subscribed"
  },
  "1785834558": {
    "plan": "Free - Not Subscribed"
  },
  "6880622445": {
    "plan": "Free - Not Subscribed"
  },
  "6368469582": {
    "plan": "Free - Not Subscribed"
  },
  "6606112080": {
    "plan": "Free - Not Subscribed"
  },
  "1427104813": {
    "plan": "Free - Not Subscribed"
  },
  "6424874091": {
    "plan": "Free - Not Subscribed"
  },
  "5659580284": {
    "plan": "Free - Not Subscribed"
  },
  "5115529870": {
    "plan": "Free - Not Subscribed"
  },
  "2098367463": {
    "plan": "Free - Not Subscribed"
  },
  "566648395": {
    "plan": "Free - Not Subscribed"
  },
  "5440309989": {
    "plan": "Free - Not Subscribed"
  },
  "5286331319": {
    "plan": "Free - Not Subscribed"
  },
  "1298654177": {
    "plan": "Free - Not Subscribed"
  },
  "5231387758": {
    "plan": "Free - Not Subscribed"
  },
  "7954587478": {
    "plan": "Free - Not Subscribed"
  },
  "1270020043": {
    "plan": "Free - Not Subscribed"
  },
  "1225887859": {
    "plan": "Free - Not Subscribed"
  },
  "6708711918": {
    "plan": "Free - Not Subscribed"
  },
  "1516488847": {
    "plan": "Free - Not Subscribed"
  },
  "8198913070": {
    "plan": "Free - Not Subscribed"
  },
  "906893677": {
    "plan": "Free - Not Subscribed"
  },
  "7259322636": {
    "plan": "Free - Not Subscribed"
  },
  "1291071243": {
    "plan": "Free - Not Subscribed"
  },
  "5476983765": {
    "plan": "Free - Not Subscribed"
  },
  "857776365": {
    "plan": "Free - Not Subscribed"
  },
  "7162257249": {
    "plan": "Free - Not Subscribed"
  },
  "7003912206": {
    "plan": "Free - Not Subscribed"
  },
  "6255198745": {
    "plan": "Free - Not Subscribed"
  },
  "6980804068": {
    "plan": "Free - Not Subscribed"
  },
  "7493960593": {
    "plan": "Free - Not Subscribed"
  },
  "6082037386": {
    "plan": "Free - Not Subscribed"
  },
  "5558501014": {
    "plan": "Free - Not Subscribed"
  },
  "6616553646": {
    "plan": "Free - Not Subscribed"
  },
  "7552670774": {
    "plan": "Free - Not Subscribed"
  },
  "7163597863": {
    "plan": "Free - Not Subscribed"
  },
  "7139612926": {
    "plan": "Free - Not Subscribed"
  },
  "7753739304": {
    "plan": "Free - Not Subscribed"
  },
  "1229781458": {
    "plan": "Free - Not Subscribed"
  },
  "6350043991": {
    "plan": "Free - Not Subscribed"
  },
  "1393711073": {
    "plan": "Free - Not Subscribed"
  },
  "5714034789": {
    "plan": "Free - Not Subscribed"
  },
  "5439624498": {
    "plan": "Free - Not Subscribed"
  },
  "5629804658": {
    "plan": "Free - Not Subscribed"
  },
  "6722166633": {
    "plan": "Free - Not Subscribed",
    "timer": "none"
  },
  "7115614945": {
    "plan": "Free - Not Subscribed"
  },
  "6503042194": {
    "plan": "Free - Not Subscribed"
  },
  "1135745260": {
    "plan": "Free - Not Subscribed"
  },
  "6344155293": {
    "plan": "Free - Not Subscribed"
  },
  "5745635677": {
    "plan": "Free - Not Subscribed"
  },
  "5069335336": {
    "plan": "Free - Not Subscribed"
  },
  "7387153929": {
    "plan": "Free - Not Subscribed"
  },
  "6227060481": {
    "plan": "Free - Not Subscribed"
  },
  "6536416307": {
    "plan": "Free - Not Subscribed"
  },
  "6217239084": {
    "plan": "Free - Not Subscribed"
  },
  "6826326945": {
    "plan": "Free - Not Subscribed"
  },
  "6937989245": {
    "plan": "Free - Not Subscribed"
  },
  "1758968163": {
    "plan": "Free - Not Subscribed"
  },
  "5041119338": {
    "plan": "Free - Not Subscribed"
  },
  "7101021236": {
    "plan": "Free - Not Subscribed"
  },
  "5662187760": {
    "plan": "Free - Not Subscribed"
  },
  "7170752236": {
    "plan": "Free - Not Subscribed"
  },
  "1494533834": {
    "plan": "Free - Not Subscribed"
  },
  "6558838713": {
    "plan": "Free - Not Subscribed"
  },
  "6750027516": {
    "plan": "Free - Not Subscribed"
  },
  "6158291714": {
    "plan": "Free - Not Subscribed"
  },
  "1714177051": {
    "plan": "Free - Not Subscribed"
  },
  "GSIXTEAM-2024-5015": {
    "plan": "Free - Not Subscribed"
  },
  "6512242172": {
    "plan": "Free - Not Subscribed"
  },
  "5221790268": {
    "plan": "Free - Not Subscribed",
    "timer": "none"
  },
  "5637503657": {
    "plan": "Free - Not Subscribed"
  },
  "5481420672": {
    "plan": "Free - Not Subscribed"
  },
  "7385089891": {
    "plan": "Free - Not Subscribed"
  },
  "7468774052": {
    "plan": "Free - Not Subscribed"
  },
  "1252307130": {
    "plan": "Free - Not Subscribed"
  },
  "1980182523": {
    "plan": "Free - Not Subscribed"
  },
  "6754434736": {
    "plan": "Free - Not Subscribed"
  },
  "6059307773": {
    "plan": "Free - Not Subscribed"
  },
  "5090526695": {
    "plan": "Free - Not Subscribed"
  },
  "5880065752": {
    "plan": "Free - Not Subscribed"
  },
  "6306024631": {
    "plan": "Free - Not Subscribed"
  },
  "6314119079": {
    "plan": "Free - Not Subscribed"
  },
  "7034241809": {
    "plan": "Free - Not Subscribed"
  },
  "5748330516": {
    "plan": "Free - Not Subscribed"
  },
  "6205371759": {
    "plan": "Free - Not Subscribed"
  },
  "5605183362": {
    "plan": "Free - Not Subscribed"
  },
  "1332233549": {
    "plan": "Free - Not Subscribed"
  }
}